REGIONE,PROVINCIA,COMUNE,NUMERI_CIVICI,CON_COORDINATE,COMPLETAMENTO_%,COORDINATE_AGGIUNTE,CIVICI_AGGIUNTI,COSA_E_CAMBIATO,ULTIMO_AGGIORNAMENTO,CON_COORDINATE_MESE_SCORSO,NUMERI_CIVICI_MESE_SCORSO,DATI_AGGIORNATI_AL,CODICE_ISTAT,CODICE_CATASTALE,CODICE_IPA
LIGURIA,GENOVA,ARENZANO,5552,5552,100.0,4,4,Aggiunti civici e coordinate,2026-09,5548,5548,2026-09-15,010001,A388,c_a388
LIGURIA,GENOVA,AVEGNO,1985,35,1.76,0,0,Invariato,2026-08,35,1985,2026-09-15,010002,A506,c_a506
LIGURIA,GENOVA,BARGAGLI,2160,2160,100.0,0,0,Invariato,2026-08,2160,2160,2026-09-15,010003,A658,c_a658
LIGURIA,GENOVA,BOGLIASCO,1454,0,0.0,0,0,Invariato,2026-08,0,1454,2026-09-15,010004,A922,c_a922
LIGURIA,GENOVA,BORZONASCA,2346,2346,100.0,0,0,Invariato,2026-08,2346,2346,2026-09-15,010005,B067,c_b067
LIGURIA,GENOVA,BUSALLA,2346,0,0.0,0,0,Invariato,2026-08,0,2346,2026-09-15,010006,B282,c_b282
LIGURIA,GENOVA,CAMOGLI,3417,0,0.0,0,0,Invariato,2026-03,0,3417,2026-09-15,010007,B490,c_b490
LIGURIA,GENOVA,CAMPO LIGURE,2529,2529,100.0,0,0,Invariato,2026-03,2529,2529,2026-09-15,010008,B538,c_b538
LIGURIA,GENOVA,CAMPOMORONE,4136,0,0.0,0,0,Invariato,2026-03,0,4136,2026-09-15,010009,B551,c_b551
LIGURIA,GENOVA,CARASCO,2088,0,0.0,0,0,Invariato,2026-03,0,2088,2026-09-15,010010,B726,c_b726
LIGURIA,GENOVA,CASARZA LIGURE,2541,2541,100.0,0,0,Invariato,2026-03,2541,2541,2026-09-15,010011,B939,c_b939
LIGURIA,GENOVA,CASELLA,2435,0,0.0,0,0,Invariato,2026-03,0,2435,2026-09-15,010012,B956,c_b956
LIGURIA,GENOVA,CASTIGLIONE CHIAVARESE,1330,1330,100.0,0,0,Invariato,2026-03,1330,1330,2026-09-15,010013,C302,c_c302
LIGURIA,GENOVA,CERANESI,1836,0,0.0,0,0,Invariato,2026-08,0,1836,2026-09-15,010014,C481,c_c481
LIGURIA,GENOVA,CHIAVARI,10193,0,0.0,0,3,Aggiunti civici,2026-09,0,10190,2026-09-15,010015,C621,c_c621
LIGURIA,GENOVA,CICAGNA,2403,2403,100.0,0,0,Invariato,2026-03,2403,2403,2026-09-15,010016,C673,c_c673
LIGURIA,GENOVA,COGOLETO,5891,7,0.12,0,0,Invariato,2026-08,7,5891,2026-09-15,010017,C823,c_c823
LIGURIA,GENOVA,COGORNO,3453,3453,100.0,1,1,Aggiunti civici e coordinate,2026-09,3452,3452,2026-09-15,010018,C826,c_c826
LIGURIA,GENOVA,COREGLIA LIGURE,518,0,0.0,0,0,Invariato,2026-03,0,518,2026-09-15,010019,C995,c_c995
LIGURIA,GENOVA,CROCEFIESCHI,1132,0,0.0,0,0,Invariato,2026-08,0,1132,2026-09-15,010020,D175,c_d175
LIGURIA,GENOVA,DAVAGNA,1952,1952,100.0,0,0,Invariato,2026-08,1952,1952,2026-09-15,010021,D255,c_d255
LIGURIA,GENOVA,FASCIA,279,0,0.0,0,0,Invariato,2026-08,0,279,2026-09-15,010022,D509,c_d509
LIGURIA,GENOVA,FAVALE DI MALVARO,361,361,100.0,0,0,Invariato,2026-03,361,361,2026-09-15,010023,D512,c_d512
LIGURIA,GENOVA,FONTANIGORDA,1516,0,0.0,0,0,Invariato,2026-03,0,1516,2026-09-15,010024,D677,c_d677
LIGURIA,GENOVA,GENOVA,133247,133247,100.0,21,21,Aggiunti civici e coordinate,2026-09,133226,133226,2026-09-15,010025,D969,c_d969
LIGURIA,GENOVA,GORRETO,430,430,100.0,0,0,Invariato,2026-03,430,430,2026-09-15,010026,E109,c_e109
LIGURIA,GENOVA,ISOLA DEL CANTONE,2030,0,0.0,0,0,Invariato,2026-08,0,2030,2026-09-15,010027,E341,c_e341
LIGURIA,GENOVA,LAVAGNA,4796,4796,100.0,0,0,Invariato,2026-08,4796,4796,2026-09-15,010028,E488,c_e488
LIGURIA,GENOVA,LEIVI,1740,0,0.0,0,0,Invariato,2026-03,0,1740,2026-09-15,010029,E519,c_e519
LIGURIA,GENOVA,LORSICA,568,568,100.0,0,0,Invariato,2026-07,568,568,2026-09-15,010030,E695,c_e695
LIGURIA,GENOVA,LUMARZO,2094,2094,100.0,0,0,Invariato,2026-03,2094,2094,2026-09-15,010031,E737,c_e737
LIGURIA,GENOVA,MASONE,1326,1326,100.0,0,0,Invariato,2026-03,1326,1326,2026-09-15,010032,F020,c_f020
LIGURIA,GENOVA,MELE,1207,1207,100.0,0,0,Invariato,2026-03,1207,1207,2026-09-15,010033,F098,c_f098
LIGURIA,GENOVA,MEZZANEGO,1735,0,0.0,0,0,Invariato,2026-03,0,1735,2026-09-15,010034,F173,c_f173
LIGURIA,GENOVA,MIGNANEGO,2188,0,0.0,0,0,Invariato,2026-08,0,2188,2026-09-15,010035,F202,c_f202
LIGURIA,GENOVA,MOCONESI,1337,1337,100.0,0,0,Invariato,2026-03,1337,1337,2026-09-15,010036,F256,c_f256
LIGURIA,GENOVA,MONEGLIA,3260,0,0.0,0,0,Invariato,2026-08,0,3260,2026-09-15,010037,F354,C_F354
LIGURIA,GENOVA,MONTEBRUNO,468,0,0.0,0,0,Invariato,2026-08,0,468,2026-09-15,010038,F445,c_f445
LIGURIA,GENOVA,MONTOGGIO,1607,0,0.0,0,0,Invariato,2026-03,0,1607,2026-09-15,010039,F682,c_f682
LIGURIA,GENOVA,NE,3741,0,0.0,0,0,Invariato,2026-03,0,3741,2026-09-15,010040,F858,c_f858
LIGURIA,GENOVA,NEIRONE,1212,0,0.0,0,0,Invariato,2026-03,0,1212,2026-09-15,010041,F862,c_f862
LIGURIA,GENOVA,ORERO,333,333,100.0,0,0,Invariato,2026-03,333,333,2026-09-15,010042,G093,c_g093
LIGURIA,GENOVA,PIEVE LIGURE,1664,0,0.0,0,0,Invariato,2026-03,0,1664,2026-09-15,010043,G646,c_g646
LIGURIA,GENOVA,PORTOFINO,709,709,100.0,0,0,Invariato,2026-03,709,709,2026-09-15,010044,G913,c_g913
LIGURIA,GENOVA,PROPATA,590,0,0.0,0,0,Invariato,2026-08,0,590,2026-09-15,010045,H073,c_h073
LIGURIA,GENOVA,RAPALLO,14353,14351,99.99,0,0,Invariato,2026-08,14351,14353,2026-09-15,010046,H183,c_h183
LIGURIA,GENOVA,RECCO,4519,4453,98.54,-12,7,In calo,2026-09,4465,4512,2026-09-15,010047,H212,c_h212
LIGURIA,GENOVA,REZZOAGLIO,1680,1680,100.0,0,0,Invariato,2026-08,1680,1680,2026-09-15,010048,H258,c_h258
LIGURIA,GENOVA,RONCO SCRIVIA,2494,0,0.0,0,0,Invariato,2026-03,0,2494,2026-09-15,010049,H536,c_h536
LIGURIA,GENOVA,RONDANINA,295,295,100.0,0,0,Invariato,2026-07,295,295,2026-09-15,010050,H546,c_h546
LIGURIA,GENOVA,ROSSIGLIONE,1722,0,0.0,0,0,Invariato,2026-03,0,1722,2026-09-15,010051,H581,c_h581
LIGURIA,GENOVA,ROVEGNO,2045,2045,100.0,0,0,Invariato,2026-03,2045,2045,2026-09-15,010052,H599,c_h599
LIGURIA,GENOVA,SAN COLOMBANO CERTENOLI,3082,0,0.0,0,0,Invariato,2026-08,0,3082,2026-09-15,010053,H802,c_h802
LIGURIA,GENOVA,SANT'OLCESE,4050,0,0.0,0,0,Invariato,2026-08,0,4050,2026-09-15,010055,I346,c_i346
LIGURIA,GENOVA,SANTA MARGHERITA LIGURE,7099,7099,100.0,-5,-5,In calo,2026-09,7104,7104,2026-09-15,010054,I225,c_i225
LIGURIA,GENOVA,SANTO STEFANO D'AVETO,1753,0,0.0,0,0,Invariato,2026-03,0,1753,2026-09-15,010056,I368,c_i368
LIGURIA,GENOVA,SAVIGNONE,3475,3475,100.0,0,0,Invariato,2026-07,3475,3475,2026-09-15,010057,I475,c_i475
LIGURIA,GENOVA,SERRA RICCÒ,3326,0,0.0,0,1,Aggiunti civici,2026-09,0,3325,2026-09-15,010058,I640,c_jz4m
LIGURIA,GENOVA,SESTRI LEVANTE,8001,7991,99.88,1,1,Aggiunti civici e coordinate,2026-09,7990,8000,2026-09-15,010059,I693,c_i693
LIGURIA,GENOVA,SORI,2275,0,0.0,0,0,Invariato,2026-03,0,2275,2026-09-15,010060,I852,c_i852
LIGURIA,GENOVA,TIGLIETO,1413,1413,100.0,0,0,Invariato,2026-08,1413,1413,2026-09-15,010061,L167,c_l167
LIGURIA,GENOVA,TORRIGLIA,5383,0,0.0,0,0,Invariato,2026-08,0,5383,2026-09-15,010062,L298,C_l298
LIGURIA,GENOVA,TRIBOGNA,788,1,0.13,0,4,Aggiunti civici,2026-09,1,784,2026-09-15,010063,L416,c_l416
LIGURIA,GENOVA,USCIO,2269,0,0.0,0,0,Invariato,2026-03,0,2269,2026-09-15,010064,L507,c_l507
LIGURIA,GENOVA,VALBREVENNA,1574,0,0.0,0,0,Invariato,2026-03,0,1574,2026-09-15,010065,L546,c_l546
LIGURIA,GENOVA,VOBBIA,816,816,100.0,0,0,Invariato,2026-08,816,816,2026-09-15,010066,M105,c_m105
LIGURIA,GENOVA,ZOAGLI,2654,2654,100.0,0,0,Invariato,2026-08,2654,2654,2026-09-15,010067,M182,c_m182
LIGURIA,IMPERIA,AIROLE,1024,1024,100.0,0,0,Invariato,2026-03,1024,1024,2026-09-15,008001,A111,c_a111
LIGURIA,IMPERIA,APRICALE,430,0,0.0,0,0,Invariato,2026-03,0,430,2026-09-15,008002,A338,c_a338
LIGURIA,IMPERIA,AQUILA D'ARROSCIA,180,0,0.0,0,0,Invariato,2026-03,0,180,2026-09-15,008003,A344,c_A344
LIGURIA,IMPERIA,ARMO,129,0,0.0,0,0,Invariato,2026-03,0,129,2026-09-15,008004,A418,c_a417
LIGURIA,IMPERIA,AURIGO,361,361,100.0,0,0,Invariato,2026-03,361,361,2026-09-15,008005,A499,c_a499
LIGURIA,IMPERIA,BADALUCCO,1892,1892,100.0,0,0,Invariato,2026-03,1892,1892,2026-09-15,008006,A536,c_a536
LIGURIA,IMPERIA,BAJARDO,708,708,100.0,0,0,Invariato,2026-03,708,708,2026-09-15,008007,A581,c_a581
LIGURIA,IMPERIA,BORDIGHERA,6101,6101,100.0,0,0,Invariato,2026-03,6101,6101,2026-09-15,008008,A984,c_a984
LIGURIA,IMPERIA,BORGHETTO D'ARROSCIA,676,0,0.0,0,0,Invariato,2026-08,0,676,2026-09-15,008009,A993,c_a993
LIGURIA,IMPERIA,BORGOMARO,1909,1909,100.0,0,0,Invariato,2026-08,1909,1909,2026-09-15,008010,B020,c_b020
LIGURIA,IMPERIA,CAMPOROSSO,2060,2060,100.0,0,0,Invariato,2026-03,2060,2060,2026-09-15,008011,B559,c_b560
LIGURIA,IMPERIA,CARAVONICA,389,0,0.0,0,0,Invariato,2026-08,0,389,2026-09-15,008012,B734,c_b734
LIGURIA,IMPERIA,CASTEL VITTORIO,834,834,100.0,0,0,Invariato,2026-03,834,834,2026-09-15,008015,C110,c_h460
LIGURIA,IMPERIA,CASTELLARO,659,0,0.0,0,0,Invariato,2026-08,0,659,2026-09-15,008014,C143,c_c143
LIGURIA,IMPERIA,CERIANA,2663,2663,100.0,0,0,Invariato,2026-08,2663,2663,2026-09-15,008016,C511,c_c511
LIGURIA,IMPERIA,CERVO,1589,0,0.0,0,0,Invariato,2026-08,0,1589,2026-09-15,008017,C559,c_c559
LIGURIA,IMPERIA,CESIO,736,736,100.0,0,0,Invariato,2026-03,736,736,2026-09-15,008018,C578,c_c578
LIGURIA,IMPERIA,CHIUSANICO,1210,1210,100.0,0,0,Invariato,2026-03,1210,1210,2026-09-15,008019,C657,c_c657
LIGURIA,IMPERIA,CHIUSAVECCHIA,818,818,100.0,0,0,Invariato,2026-03,818,818,2026-09-15,008020,C660,c_c660
LIGURIA,IMPERIA,CIPRESSA,1891,1891,100.0,0,0,Invariato,2026-03,1891,1891,2026-09-15,008021,C718,c_h957
LIGURIA,IMPERIA,CIVEZZA,543,543,100.0,0,0,Invariato,2026-03,543,543,2026-09-15,008022,C755,c_c755
LIGURIA,IMPERIA,COSIO D'ARROSCIA,692,692,100.0,0,0,Invariato,2026-03,692,692,2026-09-15,008023,D087,c_d087
LIGURIA,IMPERIA,COSTARAINERA,667,0,0.0,0,0,Invariato,2026-03,0,667,2026-09-15,008024,D114,c_d114
LIGURIA,IMPERIA,DIANO ARENTINO,1085,0,0.0,0,0,Invariato,2026-08,0,1085,2026-09-15,008025,D293,c_d293
LIGURIA,IMPERIA,DIANO CASTELLO,1867,0,0.0,0,0,Invariato,2026-08,0,1867,2026-09-15,008026,D296,c_d296
LIGURIA,IMPERIA,DIANO MARINA,3193,3193,100.0,0,0,Invariato,2026-08,3193,3193,2026-09-15,008027,D297,c_d297
LIGURIA,IMPERIA,DIANO SAN PIETRO,723,723,100.0,0,0,Invariato,2026-03,723,723,2026-09-15,008028,D298,c_d298
LIGURIA,IMPERIA,DOLCEACQUA,2041,0,0.0,0,0,Invariato,2026-03,0,2041,2026-09-15,008029,D318,c_d318
LIGURIA,IMPERIA,DOLCEDO,1837,0,0.0,0,0,Invariato,2026-08,0,1837,2026-09-15,008030,D319,c_0319
LIGURIA,IMPERIA,IMPERIA,20441,20441,100.0,-232,-232,In calo,2026-09,20673,20673,2026-09-15,008031,E290,c_e290
LIGURIA,IMPERIA,ISOLABONA,388,388,100.0,0,0,Invariato,2026-03,388,388,2026-09-15,008032,E346,c_e346
LIGURIA,IMPERIA,LUCINASCO,704,704,100.0,0,0,Invariato,2026-03,704,704,2026-09-15,008033,E719,c_l693
LIGURIA,IMPERIA,MENDATICA,538,538,100.0,0,0,Invariato,2026-03,538,538,2026-09-15,008034,F123,c_f123
LIGURIA,IMPERIA,MOLINI DI TRIORA,1042,1042,100.0,0,0,Invariato,2026-03,1042,1042,2026-09-15,008035,F290,c_f290ds
LIGURIA,IMPERIA,MONTALTO CARPASIO,1957,1957,100.0,0,0,Invariato,2026-03,1957,1957,2026-09-15,008068,M387,c_m387
LIGURIA,IMPERIA,MONTEGROSSO PIAN LATTE,727,727,100.0,0,0,Invariato,2026-03,727,727,2026-09-15,008037,F528,c_f528
LIGURIA,IMPERIA,OLIVETTA SAN MICHELE,660,660,100.0,0,0,Invariato,2026-03,660,660,2026-09-15,008038,G041,c_g041
LIGURIA,IMPERIA,OSPEDALETTI,3348,0,0.0,0,0,Invariato,2026-08,0,3348,2026-09-15,008039,G164,c_g164
LIGURIA,IMPERIA,PERINALDO,911,911,100.0,0,0,Invariato,2026-03,911,911,2026-09-15,008040,G454,c_g454
LIGURIA,IMPERIA,PIETRABRUNA,720,0,0.0,0,0,Invariato,2026-03,0,720,2026-09-15,008041,G607,c_g607
LIGURIA,IMPERIA,PIEVE DI TECO,1836,1836,100.0,0,0,Invariato,2026-08,1836,1836,2026-09-15,008042,G632,c_g632
LIGURIA,IMPERIA,PIGNA,1186,0,0.0,0,0,Invariato,2026-03,0,1186,2026-09-15,008043,G660,c_g660
LIGURIA,IMPERIA,POMPEIANA,1795,1795,100.0,0,0,Invariato,2026-03,1795,1795,2026-09-15,008044,G814,c_g814
LIGURIA,IMPERIA,PONTEDASSIO,835,835,100.0,0,0,Invariato,2026-03,835,835,2026-09-15,008045,G840,c_g840
LIGURIA,IMPERIA,PORNASSIO,1491,1491,100.0,0,0,Invariato,2026-03,1491,1491,2026-09-15,008046,G890,c_g890
LIGURIA,IMPERIA,PRELÀ,944,944,100.0,0,0,Invariato,2026-08,944,944,2026-09-15,008047,H027,c_h027
LIGURIA,IMPERIA,RANZO,607,607,100.0,0,0,Invariato,2026-03,607,607,2026-09-15,008048,H180,c_h180
LIGURIA,IMPERIA,REZZO,701,0,0.0,0,0,Invariato,2026-08,0,701,2026-09-15,008049,H257,c_h257
LIGURIA,IMPERIA,RIVA LIGURE,1290,15,1.16,0,0,Invariato,2026-03,15,1290,2026-09-15,008050,H328,c_h328
LIGURIA,IMPERIA,ROCCHETTA NERVINA,248,248,100.0,0,0,Invariato,2026-03,248,248,2026-09-15,008051,H460,c_H460im
LIGURIA,IMPERIA,SAN BARTOLOMEO AL MARE,4509,4509,100.0,0,0,Invariato,2026-03,4509,4509,2026-09-15,008052,H763,c_h763
LIGURIA,IMPERIA,SAN BIAGIO DELLA CIMA,471,471,100.0,0,0,Invariato,2026-03,471,471,2026-09-15,008053,H780,c_h780
LIGURIA,IMPERIA,SAN LORENZO AL MARE,1621,1621,100.0,0,0,Invariato,2026-03,1621,1621,2026-09-15,008054,H957,ch956
LIGURIA,IMPERIA,SANREMO,28516,28516,100.0,0,0,Invariato,2026-03,28516,28516,2026-09-15,008055,I138,c_i138
LIGURIA,IMPERIA,SANTO STEFANO AL MARE,1349,1324,98.15,0,0,Invariato,2026-08,1324,1349,2026-09-15,008056,I365,c_l365
LIGURIA,IMPERIA,SEBORGA,487,487,100.0,0,0,Invariato,2026-03,487,487,2026-09-15,008057,I556,c_i556
LIGURIA,IMPERIA,SOLDANO,1302,1302,100.0,0,0,Invariato,2026-03,1302,1302,2026-09-15,008058,I796,c_i796
LIGURIA,IMPERIA,TAGGIA,5974,0,0.0,0,0,Invariato,2026-08,0,5974,2026-09-15,008059,L024,c_l024
LIGURIA,IMPERIA,TERZORIO,338,0,0.0,0,0,Invariato,2026-03,0,338,2026-09-15,008060,L146,c_l146
LIGURIA,IMPERIA,TRIORA,1021,1021,100.0,0,0,Invariato,2026-03,1021,1021,2026-09-15,008061,L430,c_f290
LIGURIA,IMPERIA,VALLEBONA,930,929,99.89,19,19,Aggiunti civici e coordinate,2026-09,910,911,2026-09-15,008062,L596,c_l596
LIGURIA,IMPERIA,VALLECROSIA,3169,3169,100.0,0,0,Invariato,2026-03,3169,3169,2026-09-15,008063,L599,c_l599
LIGURIA,IMPERIA,VASIA,899,899,100.0,0,0,Invariato,2026-03,899,899,2026-09-15,008064,L693,c_l693f
LIGURIA,IMPERIA,VENTIMIGLIA,10539,10539,100.0,0,0,Invariato,2026-03,10539,10539,2026-09-15,008065,L741,c_l741
LIGURIA,IMPERIA,VESSALICO,205,205,100.0,0,0,Invariato,2026-03,205,205,2026-09-15,008066,L809,c_l809
LIGURIA,IMPERIA,VILLA FARALDI,943,943,100.0,0,0,Invariato,2026-03,943,943,2026-09-15,008067,L943,c_l943
LIGURIA,LA SPEZIA,AMEGLIA,3158,3158,100.0,0,0,Invariato,2026-03,3158,3158,2026-09-15,011001,A261,c_a261
LIGURIA,LA SPEZIA,ARCOLA,5163,5163,100.0,-5,-5,In calo,2026-09,5168,5168,2026-09-15,011002,A373,c_a373
LIGURIA,LA SPEZIA,BEVERINO,1895,0,0.0,0,0,Invariato,2026-03,0,1895,2026-09-15,011003,A836,c_a836
LIGURIA,LA SPEZIA,BOLANO,3384,0,0.0,0,0,Invariato,2026-08,0,3384,2026-09-15,011004,A932,c_a932
LIGURIA,LA SPEZIA,BONASSOLA,1536,1536,100.0,0,0,Invariato,2026-08,1536,1536,2026-09-15,011005,A961,c_a961
LIGURIA,LA SPEZIA,BORGHETTO DI VARA,890,0,0.0,0,0,Invariato,2026-03,0,890,2026-09-15,011006,A992,c_a992
LIGURIA,LA SPEZIA,BRUGNATO,842,839,99.64,0,0,Invariato,2026-08,839,842,2026-09-15,011007,B214,c_b214
LIGURIA,LA SPEZIA,CALICE AL CORNOVIGLIO,1225,0,0.0,0,0,Invariato,2026-03,0,1225,2026-09-15,011008,B410,c_b410
LIGURIA,LA SPEZIA,CARRO,1045,0,0.0,0,0,Invariato,2026-03,0,1045,2026-09-15,011009,B838,c_b838
LIGURIA,LA SPEZIA,CARRODANO,752,752,100.0,0,0,Invariato,2026-08,752,752,2026-09-15,011010,B839,c_b839
LIGURIA,LA SPEZIA,CASTELNUOVO MAGRA,4540,0,0.0,0,0,Invariato,2026-08,0,4540,2026-09-15,011011,C240,c_c240
LIGURIA,LA SPEZIA,DEIVA MARINA,1428,0,0.0,0,0,Invariato,2026-03,0,1428,2026-09-15,011012,D265,c_d265
LIGURIA,LA SPEZIA,FOLLO,2504,0,0.0,0,0,Invariato,2026-03,0,2504,2026-09-15,011013,D655,c_d655
LIGURIA,LA SPEZIA,FRAMURA,925,0,0.0,0,0,Invariato,2026-03,0,925,2026-09-15,011014,D758,c_d758
LIGURIA,LA SPEZIA,LA SPEZIA,31580,31580,100.0,63,63,Aggiunti civici e coordinate,2026-09,31517,31517,2026-09-15,011015,E463,c_e463
LIGURIA,LA SPEZIA,LERICI,5436,5436,100.0,0,0,Invariato,2026-03,5436,5436,2026-09-15,011016,E542,c_e542
LIGURIA,LA SPEZIA,LEVANTO,2166,2166,100.0,0,0,Invariato,2026-03,2166,2166,2026-09-15,011017,E560,c_e560
LIGURIA,LA SPEZIA,LUNI,3708,3708,100.0,0,0,Invariato,2026-03,3708,3708,2026-09-15,011020,G143,c_g143
LIGURIA,LA SPEZIA,MAISSANA,1029,0,0.0,0,0,Invariato,2026-03,0,1029,2026-09-15,011018,E842,c_e842
LIGURIA,LA SPEZIA,MONTEROSSO AL MARE,1093,0,0.0,0,0,Invariato,2026-03,0,1093,2026-09-15,011019,F609,c_f609
LIGURIA,LA SPEZIA,PIGNONE,681,0,0.0,0,0,Invariato,2026-08,0,681,2026-09-15,011021,G664,c_g664
LIGURIA,LA SPEZIA,PORTOVENERE,1545,1545,100.0,3,2,Aggiunti civici e coordinate,2026-09,1542,1543,2026-09-15,011022,G925,c_g925
LIGURIA,LA SPEZIA,RICCÒ DEL GOLFO DI SPEZIA,2246,2246,100.0,0,0,Invariato,2026-03,2246,2246,2026-09-15,011023,H275,c_h275
LIGURIA,LA SPEZIA,RIOMAGGIORE,1953,1953,100.0,0,0,Invariato,2026-03,1953,1953,2026-09-15,011024,H304,c_h304
LIGURIA,LA SPEZIA,ROCCHETTA DI VARA,1003,1003,100.0,0,0,Invariato,2026-03,1003,1003,2026-09-15,011025,H461,c_h461
LIGURIA,LA SPEZIA,SANTO STEFANO DI MAGRA,3726,3726,100.0,0,0,Invariato,2026-08,3726,3726,2026-09-15,011026,I363,c_i363
LIGURIA,LA SPEZIA,SARZANA,10261,10261,100.0,0,0,Invariato,2026-03,10261,10261,2026-09-15,011027,I449,c_i449
LIGURIA,LA SPEZIA,SESTA GODANO,2014,2014,100.0,0,0,Invariato,2026-03,2014,2014,2026-09-15,011028,E070,C_E070
LIGURIA,LA SPEZIA,VARESE LIGURE,3903,0,0.0,0,0,Invariato,2026-03,0,3903,2026-09-15,011029,L681,c_l681
LIGURIA,LA SPEZIA,VERNAZZA,1321,0,0.0,0,0,Invariato,2026-03,0,1321,2026-09-15,011030,L774,c_l774
LIGURIA,LA SPEZIA,VEZZANO LIGURE,2736,0,0.0,0,0,Invariato,2026-03,0,2736,2026-09-15,011031,L819,c_l819
LIGURIA,LA SPEZIA,ZIGNAGO,587,587,100.0,0,0,Invariato,2026-08,587,587,2026-09-15,011032,M177,c_m177
LIGURIA,SAVONA,ALASSIO,10676,0,0.0,0,0,Invariato,2026-08,0,10676,2026-09-15,009001,A122,c_a122
LIGURIA,SAVONA,ALBENGA,8993,8993,100.0,0,0,Invariato,2026-03,8993,8993,2026-09-15,009002,A145,c_a145
LIGURIA,SAVONA,ALBISOLA SUPERIORE,5157,5157,100.0,0,0,Invariato,2026-03,5157,5157,2026-09-15,009004,A166,c_a166
LIGURIA,SAVONA,ALBISSOLA MARINA,1475,1475,100.0,0,0,Invariato,2026-03,1475,1475,2026-09-15,009003,A165,c_a165
LIGURIA,SAVONA,ALTARE,1003,1003,100.0,0,0,Invariato,2026-03,1003,1003,2026-09-15,009005,A226,c_a226
LIGURIA,SAVONA,ANDORA,5057,5057,100.0,0,0,Invariato,2026-03,5057,5057,2026-09-15,009006,A278,c_a278
LIGURIA,SAVONA,ARNASCO,393,393,100.0,0,0,Invariato,2026-08,393,393,2026-09-15,009007,A422,c_a422
LIGURIA,SAVONA,BALESTRINO,526,0,0.0,0,0,Invariato,2026-03,0,526,2026-09-15,009008,A593,c_a593
LIGURIA,SAVONA,BARDINETO,809,809,100.0,0,0,Invariato,2026-08,809,809,2026-09-15,009009,A647,c_a647
LIGURIA,SAVONA,BERGEGGI,995,0,0.0,0,0,Invariato,2026-03,0,995,2026-09-15,009010,A796,c_a796
LIGURIA,SAVONA,BOISSANO,1547,0,0.0,0,0,Invariato,2026-08,0,1547,2026-09-15,009011,A931,c_a931
LIGURIA,SAVONA,BORGHETTO SANTO SPIRITO,2248,2248,100.0,0,0,Invariato,2026-03,2248,2248,2026-09-15,009012,A999,c_a999
LIGURIA,SAVONA,BORGIO VEREZZI,3125,3125,100.0,0,0,Invariato,2026-03,3125,3125,2026-09-15,009013,B005,c_b005
LIGURIA,SAVONA,BORMIDA,458,458,100.0,0,0,Invariato,2026-03,458,458,2026-09-15,009014,B048,c_b048
LIGURIA,SAVONA,CAIRO MONTENOTTE,5750,5750,100.0,0,0,Invariato,2026-03,5750,5750,2026-09-15,009015,B369,cb369
LIGURIA,SAVONA,CALICE LIGURE,1489,1489,100.0,0,0,Invariato,2026-03,1489,1489,2026-09-15,009016,B409,c_b409
LIGURIA,SAVONA,CALIZZANO,1679,1679,100.0,0,0,Invariato,2026-03,1679,1679,2026-09-15,009017,B416,c_b416
LIGURIA,SAVONA,CARCARE,3611,0,0.0,0,0,Invariato,2026-08,0,3611,2026-09-15,009018,B748,c_b748
LIGURIA,SAVONA,CASANOVA LERRONE,881,0,0.0,0,0,Invariato,2026-08,0,881,2026-09-15,009019,B927,c_b927
LIGURIA,SAVONA,CASTELBIANCO,1238,0,0.0,0,0,Invariato,2026-08,0,1238,2026-09-15,009020,C063,c_92rb
LIGURIA,SAVONA,CASTELVECCHIO DI ROCCA BARBENA,328,328,100.0,0,0,Invariato,2026-03,328,328,2026-09-15,009021,C276,c_c276
LIGURIA,SAVONA,CELLE LIGURE,3226,3226,100.0,0,0,Invariato,2026-03,3226,3226,2026-09-15,009022,C443,c_c443
LIGURIA,SAVONA,CENGIO,1544,1544,100.0,0,0,Invariato,2026-03,1544,1544,2026-09-15,009023,C463,c_c463
LIGURIA,SAVONA,CERIALE,3037,0,0.0,0,0,Invariato,2026-08,0,3037,2026-09-15,009024,C510,c_c510
LIGURIA,SAVONA,CISANO SUL NEVA,1154,0,0.0,0,0,Invariato,2026-03,0,1154,2026-09-15,009025,C729,c_c729
LIGURIA,SAVONA,COSSERIA,713,0,0.0,0,0,Invariato,2026-08,0,713,2026-09-15,009026,D095,c_d095
LIGURIA,SAVONA,DEGO,2057,2057,100.0,-11,-11,In calo,2026-09,2068,2068,2026-09-15,009027,D264,c_d264
LIGURIA,SAVONA,ERLI,320,0,0.0,0,0,Invariato,2026-03,0,320,2026-09-15,009028,D424,c_d424
LIGURIA,SAVONA,FINALE LIGURE,7818,7817,99.99,0,1,Aggiunti civici,2026-09,7817,7817,2026-09-15,009029,D600,c_d600
LIGURIA,SAVONA,GARLENDA,1694,0,0.0,0,0,Invariato,2026-03,0,1694,2026-09-15,009030,D927,c_d927
LIGURIA,SAVONA,GIUSTENICE,421,0,0.0,0,0,Invariato,2026-08,0,421,2026-09-15,009031,E064,c_e064
LIGURIA,SAVONA,GIUSVALLA,489,0,0.0,0,0,Invariato,2026-08,0,489,2026-09-15,009032,E066,c_e066
LIGURIA,SAVONA,LAIGUEGLIA,1419,0,0.0,0,0,Invariato,2026-08,0,1419,2026-09-15,009033,E414,c_e414
LIGURIA,SAVONA,LOANO,4768,4768,100.0,0,0,Invariato,2026-03,4768,4768,2026-09-15,009034,E632,c_e632
LIGURIA,SAVONA,MAGLIOLO,804,804,100.0,0,0,Invariato,2026-03,804,804,2026-09-15,009035,E816,c_e816
LIGURIA,SAVONA,MALLARE,723,723,100.0,0,0,Invariato,2026-08,723,723,2026-09-15,009036,E860,c_e860
LIGURIA,SAVONA,MASSIMINO,192,192,100.0,0,0,Invariato,2026-03,192,192,2026-09-15,009037,F046,c_f046
LIGURIA,SAVONA,MILLESIMO,2582,2582,100.0,0,0,Invariato,2026-07,2582,2582,2026-09-15,009038,F213,c_f213
LIGURIA,SAVONA,MIOGLIA,510,510,100.0,0,0,Invariato,2026-03,510,510,2026-09-15,009039,F226,c_f226
LIGURIA,SAVONA,MURIALDO,709,709,100.0,0,0,Invariato,2026-08,709,709,2026-09-15,009040,F813,c_f813
LIGURIA,SAVONA,NASINO,513,513,100.0,0,0,Invariato,2026-03,513,513,2026-09-15,009041,F847,c_f847
LIGURIA,SAVONA,NOLI,2533,0,0.0,0,0,Invariato,2026-03,0,2533,2026-09-15,009042,F926,c_f926
LIGURIA,SAVONA,ONZO,261,0,0.0,0,0,Invariato,2026-08,0,261,2026-09-15,009043,G076,c_g076
LIGURIA,SAVONA,ORCO FEGLINO,676,676,100.0,0,0,Invariato,2026-03,676,676,2026-09-15,009044,D522,c_d522
LIGURIA,SAVONA,ORTOVERO,1311,0,0.0,0,0,Invariato,2026-03,0,1311,2026-09-15,009045,G144,c_g144
LIGURIA,SAVONA,OSIGLIA,833,833,100.0,0,0,Invariato,2026-08,833,833,2026-09-15,009046,G155,c_g155
LIGURIA,SAVONA,PALLARE,723,0,0.0,0,0,Invariato,2026-03,0,723,2026-09-15,009047,G281,c_g281
LIGURIA,SAVONA,PIANA CRIXIA,723,723,100.0,0,0,Invariato,2026-08,723,723,2026-09-15,009048,G542,c_g542
LIGURIA,SAVONA,PIETRA LIGURE,8723,8723,100.0,0,0,Invariato,2026-03,8723,8723,2026-09-15,009049,G605,c_g605
LIGURIA,SAVONA,PLODIO,413,0,0.0,0,0,Invariato,2026-03,0,413,2026-09-15,009050,G741,c_g741
LIGURIA,SAVONA,PONTINVREA,823,0,0.0,0,0,Invariato,2026-08,0,823,2026-09-15,009051,G866,c_g866
LIGURIA,SAVONA,QUILIANO,1884,1884,100.0,0,0,Invariato,2026-03,1884,1884,2026-09-15,009052,H126,c_h126
LIGURIA,SAVONA,RIALTO,836,788,94.26,0,0,Invariato,2026-08,788,836,2026-09-15,009053,H266,c_h266
LIGURIA,SAVONA,ROCCAVIGNALE,1035,1035,100.0,0,0,Invariato,2026-03,1035,1035,2026-09-15,009054,H452,c_h452
LIGURIA,SAVONA,SASSELLO,2629,2629,100.0,0,0,Invariato,2026-08,2629,2629,2026-09-15,009055,I453,c_i453
LIGURIA,SAVONA,SAVONA,15002,14987,99.9,-1,5,In calo,2026-09,14988,14997,2026-09-15,009056,I480,c_i480
LIGURIA,SAVONA,SPOTORNO,2056,2056,100.0,0,0,Invariato,2026-03,2056,2056,2026-09-15,009057,I926,c_i926
LIGURIA,SAVONA,STELLA,4427,4407,99.55,0,0,Invariato,2026-08,4407,4427,2026-09-15,009058,I946,c_i946
LIGURIA,SAVONA,STELLANELLO,876,876,100.0,0,0,Invariato,2026-03,876,876,2026-09-15,009059,I947,c_i947
LIGURIA,SAVONA,TESTICO,74,74,100.0,0,0,Invariato,2026-03,74,74,2026-09-15,009060,L152,c_l152
LIGURIA,SAVONA,TOIRANO,1130,1124,99.47,0,5,Aggiunti civici,2026-09,1124,1125,2026-09-15,009061,L190,c_l190
LIGURIA,SAVONA,TOVO SAN GIACOMO,4121,4121,100.0,0,0,Invariato,2026-08,4121,4121,2026-09-15,009062,L315,c_l315
LIGURIA,SAVONA,URBE,1501,1501,100.0,0,0,Invariato,2026-03,1501,1501,2026-09-15,009063,L499,c_l499
LIGURIA,SAVONA,VADO LIGURE,2408,2408,100.0,0,0,Invariato,2026-03,2408,2408,2026-09-15,009064,L528,c_l528
LIGURIA,SAVONA,VARAZZE,7178,0,0.0,0,0,Invariato,2026-08,0,7178,2026-09-15,009065,L675,c_l675
LIGURIA,SAVONA,VENDONE,344,0,0.0,0,0,Invariato,2026-03,0,344,2026-09-15,009066,L730,c_l730
LIGURIA,SAVONA,VEZZI PORTIO,690,0,0.0,0,0,Invariato,2026-08,0,690,2026-09-15,009067,L823,c_l823
LIGURIA,SAVONA,VILLANOVA D'ALBENGA,2508,2508,100.0,0,0,Invariato,2026-08,2508,2508,2026-09-15,009068,L975,c_l975
LIGURIA,SAVONA,ZUCCARELLO,656,656,100.0,0,0,Invariato,2026-08,656,656,2026-09-15,009069,M197,c_m197
